case_id,happened_at,address,type,desc,lat,long
201500030530-1,05/22/2015 15:30:00,4600 E MAIN ST,Theft,FALSE PRETENSES/SWINDLE/CONFIDENCE,36.764916,-108.152615
201500030501-1,05/22/2015 13:41:00,2400 E 23RD ST,Breaking & Entering,BURG-RESIDENCE-UNLAWFUL-UNKNOWN,36.751072,-108.175125
201500030489-1,05/22/2015 13:20:00,2700 LA PLATA HY,Liquor,LIQUOR LAW VIOLATIONS,36.753534,-108.243196
201500030493-2,05/22/2015 13:06:00,2100 FARMINGTON Ave,Liquor,LIQUOR LAW VIOLATIONS,36.750614,-108.17977
201500030454-1,05/22/2015 10:22:00,1400 W MAIN ST,Assault,ASSAULT B,36.732299,-108.226989
201500030429-1,05/22/2015 08:33:00,400 W 30TH ST,Theft of Vehicle,MOTOR VEHICLE THEFT,36.755268,-108.208649
201500030413-1,05/22/2015 07:00:00,4700 CARIBBEAN Ave,Theft from Vehicle,LARCENY $500 TO $2500=4F-FROM MOTORVEHICLE,36.770706,-108.152283
201500030413-2,05/22/2015 07:00:00,4700 CARIBBEAN Ave,Theft from Vehicle,LARCENY 250 TO 2500-FROM MOTOR VEHICLE,36.770706,-108.152283
201500030393-1,05/22/2015 01:10:00,600 E BROADWAY,Assault,ASSLT/BATT-KNIFE OR CUTTING INSTRUMENT,36.728698,-108.193176
201500030381-1,05/21/2015 23:55:00,500 E 18TH ST,Theft of Vehicle,MOTOR VEHICLE THEFT,36.747025,-108.200035
201500030359-2,05/21/2015 23:33:00,1000 N WALL Ave,Property Crime,DESTRUCTION/DAMAGE/VANDALISM (MISD),36.739306,-108.204018
201500030366-1,05/21/2015 23:00:00,500 E BROADWAY ST,Disorder,RESISTING/EVADING/OR OBSTRUCTING,36.726534,-108.190419
201500030366-2,05/21/2015 23:00:00,500 E BROADWAY ST,Disorder,DISORDERLY CONDUCT,36.726534,-108.190419
201500030366-3,05/21/2015 23:00:00,500 E BROADWAY ST,Liquor,LIQUOR LAW VIOLATIONS,36.726534,-108.190419
201500030366-4,05/21/2015 23:00:00,500 E BROADWAY ST,Assault,ASSAULT B,36.726534,-108.190419
201500030348-1,05/21/2015 20:46:00,1400 W MAIN ST,Theft,SHOPLIFTING (MISD),36.732299,-108.226989
201500030341-1,05/21/2015 20:23:00,ALLEN & W MAIN,Liquor,LIQUOR LAW VIOLATIONS,36.728773,-108.209545
201500030301-1,05/21/2015 17:49:00,ORCHARD & BROADWAY,Liquor,LIQUOR LAW VIOLATIONS,36.728698,-108.193176
201500030281-1,05/21/2015 16:57:00,1600 N FAIRVIEW Ave,Property Crime,DESTRUCTION/DAMAGE/VANDALISM (MISD),36.745464,-108.175279
201500030281-2,05/21/2015 16:57:00,1600 N FAIRVIEW Ave,Assault,SIMPLE-ASSLT/BATT(OTH ASSLTS/NOTAGGRAVATED),36.745464,-108.175279
201500030281-3,05/21/2015 16:57:00,1600 N FAIRVIEW Ave,Disorder,RESISTING/EVADING/OR OBSTRUCTING,36.745464,-108.175279
201500030281-4,05/21/2015 16:57:00,1600 N FAIRVIEW Ave,Drugs,DRUG EQUIPMENT VIOLATIONS,36.745464,-108.175279
201500030248-1,05/21/2015 15:20:00,600 E 20TH ST,Drugs,DRUG/NARCOTIC VIOLATION,36.748955,-108.198494
201500030248-3,05/21/2015 15:20:00,600 E 20TH ST,Disorder,RESISTING/EVADING/OR OBSTRUCTING,36.748955,-108.198494
201500030250-1,05/21/2015 14:30:00,4600 E MAIN ST,Theft,SHOPLIFTING (MISD),36.764916,-108.152615
201500030195-2,05/21/2015 10:14:00,700 W MAIN ST,Assault,"ASSLT/BATT-HANDS, FISTS, FEET, ETC",36.72934,-108.214708
201500030274-1,05/21/2015 10:00:00,4600 COLLEGE BL,Theft,LARCENY $250 TO $500=M-ALL OTHER,36.770376,-108.166247
201500030172-1,05/21/2015 08:15:00,200 EL PASO DR,Theft of Vehicle,MOTOR VEHICLE THEFT,36.730334,-108.218513
201500030164-1,05/21/2015 07:45:00,500 E MURRAY DR,Breaking & Entering,BURG-COMMERCIAL-UNLAWFUL-UNKNOWN,36.719531,-108.200169
201500030164-2,05/21/2015 07:45:00,500 E MURRAY DR,Theft,LARCENY $500 TO $2500=4F-FROM BUILDING,36.719531,-108.200169
201500030183-1,05/21/2015 07:45:00,2000 CUERVO ST,Theft from Vehicle,LARCENY 250 TO 2500-FROM MOTOR VEHICLE,36.748388,-108.212912
201500030183-2,05/21/2015 07:45:00,2000 CUERVO ST,Theft from Vehicle,LARCENY $500 TO $2500=4F-FROM MOTORVEHICLE,36.748388,-108.212912
201500030183-3,05/21/2015 07:45:00,2000 CUERVO ST,Property Crime,DESTRUCTION/DAMAGE/VANDALISM (MISD),36.748388,-108.212912
201500030160-1,05/21/2015 07:15:00,900 N BUENA VISTA Ave,Theft,LARCENY $250 TO $500=M-BICYCLES,36.738396,-108.198662
201500030165-1,05/21/2015 03:00:00,900 N MONTEREY Ave,Theft from Vehicle,LARCENY 250 TO 2500-FROM MOTOR VEHICLE,36.738468,-108.200108
201500030106-1,05/20/2015 21:41:00,5800 COLLEGE,Assault,ASSAULT B,36.7281,-108.2187
201500030107-2,05/20/2015 21:11:00,2500 E 16TH ST,Liquor,LIQUOR LAW VIOLATIONS,36.745399,-108.172989
201500030096-1,05/20/2015 20:46:00,S COMMERCIAL & ELM ST,Liquor,LIQUOR LAW VIOLATIONS,36.727352,-108.204018
201500030108-1,05/20/2015 20:30:00,1000 FARMINGTON Ave,Theft from Vehicle,LARCENY $250 TO $500=M-VEH PARTS &ACCESS,36.740946,-108.179793
201500030092-1,05/20/2015 20:25:00,1400 CAMINO SOL,Theft from Vehicle,LARCENY,36.715691,-108.186142
201500030087-1,05/20/2015 20:12:00,4900 E MAIN ST,Assault,ASSLT/BATT-OTHER DANGEROUS WEAPON,36.766903,-108.148598
201500030067-1,05/20/2015 19:17:00,300 AIRPORT,Liquor,LIQUOR LAW VIOLATIONS,36.732147,-108.220364
201500030018-1,05/20/2015 16:07:00,100 W ELM ST,Liquor,LIQUOR LAW VIOLATIONS,36.725531,-108.205566
201500030016-1,05/20/2015 15:56:00,1600 N DUSTIN Ave,Liquor,LIQUOR LAW VIOLATIONS,36.755793,-108.201931
201500029993-1,05/20/2015 14:53:00,3500 E 20TH ST,Liquor,LIQUOR LAW VIOLATIONS,36.747547,-108.162397
201500029987-1,05/20/2015 14:45:00,900 GLADE LN,Liquor,LIQUOR LAW VIOLATIONS,36.732147,-108.220364
201500029953-1,05/20/2015 12:41:00,900 GLADE LN,Liquor,LIQUOR LAW VIOLATIONS,36.732147,-108.220364
201500029953-2,05/20/2015 12:41:00,900 GLADE LN,Drugs,DRUG/NARCOTIC VIOLATIONS,36.732147,-108.220364
201500029953-3,05/20/2015 12:41:00,900 GLADE LN,Drugs,DRUG EQUIPMENT VIOLATIONS,36.732147,-108.220364
201500029937-5,05/20/2015 12:05:00,100 W ELM ST,Drugs,DRUG EQUIPMENT VIOLATIONS,36.725531,-108.205566
201500029901-1,05/20/2015 08:58:00,3000 E MAIN ST,Drugs,DRUG/NARCOTIC VIOLATION,36.744822,-108.165599
201500029901-2,05/20/2015 08:58:00,3000 E MAIN ST,Drugs,DRUG EQUIPMENT VIOLATIONS,36.744822,-108.165599
201500029901-3,05/20/2015 08:58:00,3000 E MAIN ST,Theft,LARCENY,36.744822,-108.165599
201500029894-1,05/20/2015 07:30:00,2300 CLAYTON Ave,Theft,LARCENY,43.617888,-93.356275
201500029865-1,05/20/2015 02:25:00,PALMER Ave & WALNUT,Liquor,LIQUOR LAW VIOLATIONS,36.732681,-108.224848
201500029872-1,05/20/2015 00:35:00,900 W MAIN ST,Assault,SIMPLE-ASSLT/BATT(OTH ASSLTS/NOTAGGRAVATED),36.731639,-108.230576
201500029856-2,05/19/2015 23:06:00,S AUBURN Ave & W BROADWAY,Disorder,RESISTING/EVADING/OR OBSTRUCTING,36.724077,-108.210013
201500029846-1,05/19/2015 22:00:00,1 PARQUE DE OESTE DR,Assault,ASSLT/BATT-OTHER DANGEROUS WEAPON,36.731678,-108.247254
201500029846-3,05/19/2015 22:00:00,1 PARQUE DE OESTE DR,Property Crime,DESTRUCTION/DAMAGE/VANDALISM (MISD),36.731678,-108.247254
201500029810-1,05/19/2015 19:22:00,5600 E MAIN ST,Theft,SHOPLIFTING (MISD),36.771586,-108.139099
201500029794-1,05/19/2015 18:08:00,2500 E 16TH ST,Property Crime,DESTRUCTION/DAMAGE/VANDALISM (MISD),36.745399,-108.172989
201500029771-1,05/19/2015 16:52:00,800 ALISE Ave,Theft of Vehicle,MOTOR VEHICLE THEFT,36.724507,-108.127545
201500029739-1,05/19/2015 14:48:00,1400 E 23RD ST,Theft,LARCENY $250 TO $500=M-BICYCLES,36.751083,-108.189575
201500029721-1,05/19/2015 14:21:00,1600 CLIFFSIDE DR,Theft,LARCENY,36.752885,-108.186583
201500029736-1,05/19/2015 13:28:00,100 W ELM ST,Liquor,LIQUOR LAW VIOLATIONS,36.725531,-108.205566
201500029736-4,05/19/2015 13:28:00,100 W ELM ST,Liquor,LIQUOR LAW VIOLATIONS,36.725531,-108.205566
201500029728-1,05/19/2015 12:44:00,1000 W BROADWAY,Liquor,LIQUOR LAW VIOLATIONS,36.728252,-108.221171
201500029719-1,05/19/2015 12:20:00,3600 SAN MEDINA Ave,Property Crime,DESTRUCTION/DAMAGE/VANDALISM (MISD),36.759838,-108.195702
201500029715-1,05/19/2015 11:35:00,500 E BROADWAY,Drugs,DRUG EQUIPMENT VIOLATIONS,36.726534,-108.190419
201500029762-1,05/19/2015 08:00:00,400 NELSON,Theft,FALSE PRETENSES/SWINDLE/CONFIDENCE,39.8298,-79.56532
201500029676-1,05/19/2015 04:55:00,2200 E 20TH ST,Property Crime,DESTRUCTION/DAMAGE/VANDALISM (MISD),36.74839,-108.178391
201500029669-1,05/18/2015 23:45:00,SAN JUAN & S BUTLER Ave,Drugs,DRUG/NARCOTIC VIOLATION,36.718277,-108.1978
201500029669-2,05/18/2015 23:45:00,SAN JUAN & S BUTLER Ave,Drugs,DRUG EQUIPMENT VIOLATIONS,36.718277,-108.1978
201500029669-4,05/18/2015 23:45:00,SAN JUAN & S BUTLER Ave,Drugs,DRUG EQUIPMENT VIOLATIONS,36.718277,-108.1978
201500029667-1,05/18/2015 23:03:00,300 VALLE VISTA,Assault,ASSLT/BATT-OTHER DANGEROUS WEAPON,36.730635,-108.243186
201500029652-1,05/18/2015 20:39:00,2500 E 16TH ST,Drugs,DRUG EQUIPMENT VIOLATIONS,36.745399,-108.172989
201500029634-1,05/18/2015 19:15:00,1400 W MAIN ST,Theft,EMBEZZLEMENT,36.732299,-108.226989
201500029609-1,05/18/2015 17:45:00,1900 N DUSTIN Ave,Liquor,LIQUOR LAW VIOLATIONS,36.755793,-108.201931
201500029605-1,05/18/2015 17:32:00,4600 E MAIN ST,Theft,EMBEZZLEMENT,36.764916,-108.152615
201500029543-1,05/18/2015 16:04:00,2200 HUNTZINGER Ave,Property Crime,DESTRUCTION/DAMAGE/VANDALISM (MISD),36.749711,-108.176297
201500029593-1,05/18/2015 14:50:00,3500 E 30TH ST,Theft,LARCENY,36.759077,-108.165793
201500029593-2,05/18/2015 14:50:00,3500 E 30TH ST,Theft,FALSE PRETENSES/SWINDLE/CONFIDENCE,36.759077,-108.165793
201500029532-1,05/18/2015 13:02:00,5700 COLLEGE,Drugs,DRUG/NARCOTIC VIOLATION,36.7281,-108.2187
201500029443-1,05/17/2015 23:37:00,300 E 28TH ST,Breaking & Entering,BREAKING & ENTERING,36.754793,-108.201999
201500029443-2,05/17/2015 23:37:00,300 E 28TH ST,Property Crime,DESTRUCTION/DAMAGE/VANDALISM (MISD),36.754793,-108.201999
201500029443-3,05/17/2015 23:37:00,300 E 28TH ST,Assault,SIMPLE-ASSLT/BATT(OTH ASSLTS/NOTAGGRAVATED),36.754793,-108.201999
201500029438-1,05/17/2015 23:06:00,1100 W APACHE ST,Assault,ASSAULT B,36.733871,-108.224784
201500029438-2,05/17/2015 23:06:00,1100 W APACHE ST,Disorder,DISORDERLY CONDUCT,36.733871,-108.224784
201500029429-1,05/17/2015 23:03:00,700 W MAIN ST,Theft from Vehicle,LARCENY 250 TO 2500-FROM MOTOR VEHICLE,36.72934,-108.214708
201500029431-1,05/17/2015 22:31:00,2200 N TUCKER Ave,Disorder,DISORDERLY CONDUCT,36.750381,-108.17778
201500029394-1,05/17/2015 19:55:00,N DUSTIN Ave & E 18TH ST,Liquor,LIQUOR LAW VIOLATIONS,36.764156,-108.20118
201500029407-1,05/17/2015 19:31:00,1400 W MAIN ST,Property Crime,DESTRUCTION/DAMAGE/VANDALISM (MISD),36.732299,-108.226989
201500029359-1,05/17/2015 17:44:00,2800 N DUSTIN Ave,Property Crime,DESTRUCTION/DAMAGE/VANDALISM (MISD),36.755793,-108.201931
201540000017251,05/17/2015 15:47:41,5400 W MAIN ST,Drugs,Narcotics Violation,36.740482,-108.281197
201500029366-1,05/17/2015 15:28:00,2300 SOUTHSIDE RIVER,Breaking & Entering,BURG-RESIDENCE-FORCIBLE-UNKNOWN,36.72654,-108.180099
201500029347-1,05/17/2015 14:57:00,400 N ALLEN Ave,Liquor,LIQUOR LAW VIOLATIONS,36.733342,-108.206844
201500029326-1,05/17/2015 12:30:00,1400 CHERRY LN,Theft of Vehicle,MOTOR VEHICLE THEFT,36.743971,-108.183151
201500029310-1,05/17/2015 11:00:00,300 E HOPI ST,Assault,SIMPLE-ASSLT/BATT(OTH ASSLTS/NOTAGGRAVATED),36.736263,-108.202397
201500029309-1,05/17/2015 09:30:00,100 S DUSTIN,Property Crime,DESTRUCTION/DAMAGE/VANDALISM (MISD),36.730972,-108.175425
201500029305-1,05/17/2015 09:17:00,1100 N MONTEREY Ave,Theft from Vehicle,LARCENY 250 TO 2500-FROM MOTOR VEHICLE,36.7412,-108.200306
201500029292-1,05/17/2015 06:40:00,1100 RANDOLPH Ave,Assault,SIMPLE-ASSLT/BATT(OTH ASSLTS/NOTAGGRAVATED),36.719429,-108.201445
201540000017205,05/17/2015 03:12:58,1600 N FAIRVIEW 35,Assault,Battery Report,36.745464,-108.175279
201500029283-1,05/17/2015 02:52:00,4100 E MAIN ST,Theft,SHOPLIFTING (MISD),36.757596,-108.15629
201500029278-7,05/17/2015 01:45:00,WALNUT DR & AIRPORT DR,Drugs,DRUG/NARCOTIC VIOLATIONS,36.743273,-108.215723
201500029265-2,05/17/2015 00:30:00,500 E BROADWAY,Liquor,LIQUOR LAW VIOLATIONS,36.726534,-108.190419
201500029265-1,05/17/2015 00:30:00,500 E BROADWAY,Theft,SHOPLIFTING (MISD),36.726534,-108.190419
201500029224-2,05/16/2015 20:05:00,1400 W MAIN ST,Theft,LARCENY $250 TO $500=M-SHOPLIFTING,36.732299,-108.226989
201500029224-3,05/16/2015 20:05:00,1400 W MAIN ST,Theft,LARCENY $250 TO $500=M-SHOPLIFTING,36.732299,-108.226989
201500029222-1,05/16/2015 19:58:00,900 E MAIN ST,Theft,SHOPLIFTING (MISD),36.73323,-108.19297
201500029219-1,05/16/2015 19:49:00,800 W MAPLE,Assault,"ASSLT/BATT-HANDS, FISTS, FEET, ETC",36.724709,-108.216881
201500029204-1,05/16/2015 19:29:00,3200 CRESCENT Ave,Property Crime,DESTRUCTION/DAMAGE/VANDALISM (MISD),36.757782,-108.20237
201500029214-2,05/16/2015 19:22:00,1400 W MAIN ST,Drugs,DRUG EQUIPMENT VIOLATIONS,36.732299,-108.226989
201500029214-3,05/16/2015 19:22:00,1400 W MAIN ST,Liquor,LIQUOR LAW VIOLATIONS,36.732299,-108.226989
201500029200-1,05/16/2015 18:20:00,100 W ELM,Liquor,LIQUOR LAW VIOLATIONS,36.725531,-108.205566
201500029200-2,05/16/2015 18:20:00,100 W ELM,Drugs,DRUG/NARCOTIC VIOLATIONS,36.725531,-108.205566
201500029200-3,05/16/2015 18:20:00,100 W ELM,Drugs,DRUG EQUIPMENT VIOLATIONS,36.725531,-108.205566
201500029304-1,05/16/2015 16:00:00,3500 E MAIN ST,Theft,FALSE PRETENSES/SWINDLE/CONFIDENCE,36.74926,-108.160358
201500029149-1,05/16/2015 13:01:00,1400 W MAIN ST,Theft,SHOPLIFTING (MISD),36.732299,-108.226989
201500029139-1,05/16/2015 12:05:00,3500 E MAIN ST,Theft,LARCENY,36.74926,-108.160358
201500029117-1,05/16/2015 08:56:00,300 N BUTLER Ave,Assault,SIMPLE-ASSLT/BATT(OTH ASSLTS/NOTAGGRAVATED),36.732672,-108.197936
201500029103-3,05/16/2015 06:04:00,600 E BROADWAY,Liquor,LIQUOR LAW VIOLATIONS,36.728698,-108.193176
201500029097-2,05/16/2015 02:12:00,600 E BROADWAY,Drugs,DRUG EQUIPMENT VIOLATIONS,36.728698,-108.193176
201500029093-1,05/16/2015 01:52:00,2600 N DUSTIN Ave,Property Crime,DESTRUCTION/DAMAGE/VANDALISM (MISD),36.755793,-108.201931
201500029238-1,05/16/2015 00:30:00,600 E BROADWAY,Assault,ASSAULT B,36.728698,-108.193176
